table_name,ordinal_position,column_name,data_type,database_type,is_nullable,column_default,max_length
api_connections,1,id,text,text,NO,"",""
api_connections,2,provider,text,text,NO,"",""
api_connections,3,display_name,text,text,NO,"",""
api_connections,4,category,text,text,NO,"",""
api_connections,5,credentials_encrypted,text,text,YES,"",""
api_connections,6,public_config,jsonb,jsonb,NO,'{}'::jsonb,""
api_connections,7,is_enabled,boolean,bool,NO,false,""
api_connections,8,last_tested_at,timestamp with time zone,timestamptz,YES,"",""
api_connections,9,last_test_status,text,text,YES,"",""
api_connections,10,last_test_message,text,text,YES,"",""
api_connections,11,updated_by,uuid,uuid,YES,"",""
api_connections,12,created_at,timestamp with time zone,timestamptz,NO,now(),""
api_connections,13,updated_at,timestamp with time zone,timestamptz,NO,now(),""
audit_log,1,id,uuid,uuid,NO,gen_random_uuid(),""
audit_log,2,actor_type,text,text,NO,"",""
audit_log,3,actor_id,uuid,uuid,YES,"",""
audit_log,4,actor_name,text,text,YES,"",""
audit_log,5,action,text,text,NO,"",""
audit_log,6,entity_type,text,text,NO,"",""
audit_log,7,entity_id,uuid,uuid,YES,"",""
audit_log,8,details,jsonb,jsonb,YES,"",""
audit_log,9,created_at,timestamp with time zone,timestamptz,NO,now(),""
courier_settlements,1,id,uuid,uuid,NO,gen_random_uuid(),""
courier_settlements,2,courier_id,uuid,uuid,NO,"",""
courier_settlements,3,amount_leones,integer,int4,NO,"",""
courier_settlements,4,period_start,timestamp with time zone,timestamptz,NO,"",""
courier_settlements,5,period_end,timestamp with time zone,timestamptz,NO,"",""
courier_settlements,6,delivery_count,integer,int4,NO,0,""
courier_settlements,7,status,USER-DEFINED,settlement_status,NO,'pending'::settlement_status,""
courier_settlements,8,paid_at,timestamp with time zone,timestamptz,YES,"",""
courier_settlements,9,reference,text,text,YES,"",""
courier_settlements,10,created_at,timestamp with time zone,timestamptz,NO,now(),""
courier_settlements,11,updated_at,timestamp with time zone,timestamptz,NO,now(),""
couriers,1,id,uuid,uuid,NO,gen_random_uuid(),""
couriers,2,name,text,text,NO,"",""
couriers,3,phone,text,text,NO,"",""
couriers,4,vehicle_type,text,text,NO,'motorbike'::text,""
couriers,5,is_active,boolean,bool,NO,true,""
couriers,6,created_at,timestamp with time zone,timestamptz,NO,now(),""
couriers,7,updated_at,timestamp with time zone,timestamptz,NO,now(),""
drug_catalogue,1,id,uuid,uuid,NO,gen_random_uuid(),""
drug_catalogue,2,name,text,text,NO,"",""
drug_catalogue,3,generic_name,text,text,YES,"",""
drug_catalogue,4,description,text,text,YES,"",""
drug_catalogue,5,tier,USER-DEFINED,drug_tier,NO,'3'::drug_tier,""
drug_catalogue,6,unit,text,text,NO,'tablets'::text,""
drug_catalogue,7,is_approved,boolean,bool,NO,true,""
drug_catalogue,8,proposed_by_pharmacy_id,uuid,uuid,YES,"",""
drug_catalogue,9,created_at,timestamp with time zone,timestamptz,NO,now(),""
drug_catalogue,10,updated_at,timestamp with time zone,timestamptz,NO,now(),""
drug_catalogue,11,max_units_per_order,integer,int4,YES,"",""
drug_catalogue,12,common_strengths,ARRAY,_text,NO,'{}'::text[],""
drug_catalogue,13,common_forms,ARRAY,_text,NO,'{}'::text[],""
drug_catalogue,14,primary_category,USER-DEFINED,drug_primary_category,YES,"",""
drug_catalogue,15,subcategory,USER-DEFINED,drug_subcategory,YES,"",""
drug_catalogue,16,review_status,USER-DEFINED,drug_review_status,NO,'approved'::drug_review_status,""
drug_catalogue,17,rejection_reason,text,text,YES,"",""
drug_catalogue,18,reviewed_at,timestamp with time zone,timestamptz,YES,"",""
drug_catalogue,19,reviewed_by_hq_staff_id,uuid,uuid,YES,"",""
flags,1,id,uuid,uuid,NO,gen_random_uuid(),""
flags,2,order_id,uuid,uuid,NO,"",""
flags,3,type,USER-DEFINED,flag_type,NO,"",""
flags,4,reason,text,text,NO,"",""
flags,5,details,jsonb,jsonb,YES,"",""
flags,6,status,USER-DEFINED,flag_status,NO,'open'::flag_status,""
flags,7,reviewed_by_hq_staff_id,uuid,uuid,YES,"",""
flags,8,review_note,text,text,YES,"",""
flags,9,reviewed_at,timestamp with time zone,timestamptz,YES,"",""
flags,10,created_at,timestamp with time zone,timestamptz,NO,now(),""
hq_notifications,1,id,uuid,uuid,NO,gen_random_uuid(),""
hq_notifications,2,hq_staff_id,uuid,uuid,NO,"",""
hq_notifications,3,title,text,text,NO,"",""
hq_notifications,4,body,text,text,NO,"",""
hq_notifications,5,type,text,text,YES,"",""
hq_notifications,6,reference_id,uuid,uuid,YES,"",""
hq_notifications,7,read_at,timestamp with time zone,timestamptz,YES,"",""
hq_notifications,8,created_at,timestamp with time zone,timestamptz,NO,now(),""
hq_refresh_tokens,1,id,uuid,uuid,NO,gen_random_uuid(),""
hq_refresh_tokens,2,hq_staff_id,uuid,uuid,NO,"",""
hq_refresh_tokens,3,token_hash,text,text,NO,"",""
hq_refresh_tokens,4,expires_at,timestamp with time zone,timestamptz,NO,"",""
hq_refresh_tokens,5,revoked_at,timestamp with time zone,timestamptz,YES,"",""
hq_refresh_tokens,6,created_at,timestamp with time zone,timestamptz,NO,now(),""
hq_staff,1,id,uuid,uuid,NO,gen_random_uuid(),""
hq_staff,2,name,text,text,NO,"",""
hq_staff,3,username,text,text,NO,"",""
hq_staff,4,phone,text,text,YES,"",""
hq_staff,5,is_active,boolean,bool,NO,true,""
hq_staff,6,password_hash,text,text,NO,"",""
hq_staff,7,created_at,timestamp with time zone,timestamptz,NO,now(),""
hq_staff,8,updated_at,timestamp with time zone,timestamptz,NO,now(),""
hq_staff,9,can_manage_integrations,boolean,bool,NO,false,""
notifications,1,id,uuid,uuid,NO,gen_random_uuid(),""
notifications,2,pharmacy_id,uuid,uuid,NO,"",""
notifications,3,title,text,text,NO,"",""
notifications,4,body,text,text,NO,"",""
notifications,5,type,text,text,YES,"",""
notifications,6,reference_id,uuid,uuid,YES,"",""
notifications,7,read_at,timestamp with time zone,timestamptz,YES,"",""
notifications,8,created_at,timestamp with time zone,timestamptz,NO,now(),""
order_items,1,id,uuid,uuid,NO,gen_random_uuid(),""
order_items,2,order_id,uuid,uuid,NO,"",""
order_items,3,drug_id,uuid,uuid,NO,"",""
order_items,4,drug_name,text,text,NO,"",""
order_items,5,quantity,integer,int4,NO,"",""
order_items,6,unit_price_leones,numeric,numeric,NO,"",""
order_items,7,prescription_id,uuid,uuid,YES,"",""
order_items,8,created_at,timestamp with time zone,timestamptz,NO,now(),""
order_items,9,inventory_id,uuid,uuid,YES,"",""
orders,1,id,uuid,uuid,NO,gen_random_uuid(),""
orders,2,pharmacy_id,uuid,uuid,NO,"",""
orders,3,patient_name,text,text,NO,"",""
orders,4,patient_phone,text,text,NO,"",""
orders,5,status,USER-DEFINED,order_status,NO,'awaiting_payment'::order_status,""
orders,6,fulfillment_type,USER-DEFINED,fulfillment_type,NO,"",""
orders,7,id_checked,boolean,bool,NO,false,""
orders,8,total_leones,numeric,numeric,NO,"",""
orders,9,prescription_id,uuid,uuid,YES,"",""
orders,10,created_at,timestamp with time zone,timestamptz,NO,now(),""
orders,11,updated_at,timestamp with time zone,timestamptz,NO,now(),""
orders,12,courier_id,uuid,uuid,YES,"",""
orders,13,cash_collected,boolean,bool,NO,false,""
orders,14,cash_collected_at,timestamp with time zone,timestamptz,YES,"",""
orders,15,payment_method,text,text,NO,'orange_money'::text,""
orders,16,patient_id,uuid,uuid,YES,"",""
orders,17,delivery_address,text,text,YES,"",""
patient_notifications,1,id,uuid,uuid,NO,gen_random_uuid(),""
patient_notifications,2,patient_id,uuid,uuid,NO,"",""
patient_notifications,3,title,text,text,NO,"",""
patient_notifications,4,body,text,text,NO,"",""
patient_notifications,5,type,text,text,YES,"",""
patient_notifications,6,reference_id,uuid,uuid,YES,"",""
patient_notifications,7,read_at,timestamp with time zone,timestamptz,YES,"",""
patient_notifications,8,created_at,timestamp with time zone,timestamptz,NO,now(),""
patient_password_reset_codes,1,id,uuid,uuid,NO,gen_random_uuid(),""
patient_password_reset_codes,2,patient_id,uuid,uuid,YES,"",""
patient_password_reset_codes,3,phone_hash,text,text,NO,"",""
patient_password_reset_codes,4,requester_hash,text,text,NO,"",""
patient_password_reset_codes,5,code_hash,text,text,NO,"",""
patient_password_reset_codes,6,attempt_count,integer,int4,NO,0,""
patient_password_reset_codes,7,expires_at,timestamp with time zone,timestamptz,NO,"",""
patient_password_reset_codes,8,used_at,timestamp with time zone,timestamptz,YES,"",""
patient_password_reset_codes,9,created_at,timestamp with time zone,timestamptz,NO,now(),""
patient_refresh_tokens,1,id,uuid,uuid,NO,gen_random_uuid(),""
patient_refresh_tokens,2,patient_id,uuid,uuid,NO,"",""
patient_refresh_tokens,3,token_hash,text,text,NO,"",""
patient_refresh_tokens,4,expires_at,timestamp with time zone,timestamptz,NO,"",""
patient_refresh_tokens,5,revoked_at,timestamp with time zone,timestamptz,YES,"",""
patient_refresh_tokens,6,created_at,timestamp with time zone,timestamptz,NO,now(),""
patients,1,id,uuid,uuid,NO,gen_random_uuid(),""
patients,2,name,text,text,NO,"",""
patients,3,phone,text,text,NO,"",""
patients,4,password_hash,text,text,NO,"",""
patients,5,is_active,boolean,bool,NO,true,""
patients,6,created_at,timestamp with time zone,timestamptz,NO,now(),""
patients,7,updated_at,timestamp with time zone,timestamptz,NO,now(),""
patients,8,expo_push_token,text,text,YES,"",""
patients,9,session_version,integer,int4,NO,1,""
pharmacies,1,id,uuid,uuid,NO,gen_random_uuid(),""
pharmacies,2,name,text,text,NO,"",""
pharmacies,3,username,text,text,NO,"",""
pharmacies,4,phone,text,text,YES,"",""
pharmacies,5,address,text,text,YES,"",""
pharmacies,6,location_lat,text,text,YES,"",""
pharmacies,7,location_lng,text,text,YES,"",""
pharmacies,8,is_active,boolean,bool,NO,true,""
pharmacies,9,controlled_substance_authorized,boolean,bool,NO,false,""
pharmacies,10,password_hash,text,text,NO,"",""
pharmacies,11,created_at,timestamp with time zone,timestamptz,NO,now(),""
pharmacies,12,updated_at,timestamp with time zone,timestamptz,NO,now(),""
pharmacies,13,must_change_password,boolean,bool,NO,false,""
pharmacies,14,password_last_changed_at,timestamp with time zone,timestamptz,NO,now(),""
pharmacies,15,temporary_password_expires_at,timestamp with time zone,timestamptz,YES,"",""
pharmacies,16,session_version,integer,int4,NO,1,""
pharmacy_inventory,1,id,uuid,uuid,NO,gen_random_uuid(),""
pharmacy_inventory,2,pharmacy_id,uuid,uuid,NO,"",""
pharmacy_inventory,3,drug_id,uuid,uuid,NO,"",""
pharmacy_inventory,4,price_leones,numeric,numeric,NO,"",""
pharmacy_inventory,5,stock_quantity,integer,int4,NO,0,""
pharmacy_inventory,6,available_for_delivery,boolean,bool,NO,true,""
pharmacy_inventory,7,available_for_collection,boolean,bool,NO,true,""
pharmacy_inventory,8,is_active,boolean,bool,NO,true,""
pharmacy_inventory,9,created_at,timestamp with time zone,timestamptz,NO,now(),""
pharmacy_inventory,10,updated_at,timestamp with time zone,timestamptz,NO,now(),""
pharmacy_inventory,11,brand,character varying,varchar,YES,"",100
pharmacy_inventory,12,country_of_origin,character varying,varchar,YES,"",100
pharmacy_inventory,13,low_stock_alert_at,integer,int4,NO,10,""
pharmacy_inventory,14,strength,character varying,varchar,YES,"",50
pharmacy_inventory,15,form,character varying,varchar,YES,"",50
pharmacy_inventory,16,unit_of_sale,character varying,varchar,YES,"",80
pharmacy_inventory,17,expiry_date,date,date,YES,"",""
pharmacy_inventory,18,manufacturer,character varying,varchar,YES,"",150
pharmacy_inventory,19,primary_category,USER-DEFINED,drug_primary_category,YES,"",""
pharmacy_inventory,20,subcategory,USER-DEFINED,drug_subcategory,YES,"",""
pharmacy_inventory,21,other_category_text,text,text,YES,"",""
pharmacy_inventory,22,requires_hq_review,boolean,bool,NO,false,""
pharmacy_inventory,23,completion_status,USER-DEFINED,inventory_completion_status,NO,'incomplete'::inventory_completion_status,""
pharmacy_password_history,1,id,uuid,uuid,NO,gen_random_uuid(),""
pharmacy_password_history,2,pharmacy_id,uuid,uuid,NO,"",""
pharmacy_password_history,3,password_hash,text,text,NO,"",""
pharmacy_password_history,4,created_at,timestamp with time zone,timestamptz,NO,now(),""
pharmacy_password_history,5,sequence,integer,int4,NO,nextval('pharmacy_password_history_sequence_seq'::regclass),""
pharmacy_password_policy,1,id,integer,int4,NO,1,""
pharmacy_password_policy,2,max_password_age_days,integer,int4,NO,90,""
pharmacy_password_policy,3,min_password_length,integer,int4,NO,12,""
pharmacy_password_policy,4,require_uppercase,boolean,bool,NO,true,""
pharmacy_password_policy,5,require_lowercase,boolean,bool,NO,true,""
pharmacy_password_policy,6,require_number,boolean,bool,NO,true,""
pharmacy_password_policy,7,require_symbol,boolean,bool,NO,true,""
pharmacy_password_policy,8,password_history_count,integer,int4,NO,5,""
pharmacy_password_policy,9,temporary_password_expiry_hours,integer,int4,NO,24,""
pharmacy_password_policy,10,created_at,timestamp with time zone,timestamptz,NO,now(),""
pharmacy_password_policy,11,updated_at,timestamp with time zone,timestamptz,NO,now(),""
pharmacy_password_policy,12,password_expiry_warning_days,integer,int4,NO,7,""
prescription_uploads,1,id,uuid,uuid,NO,gen_random_uuid(),""
prescription_uploads,2,patient_id,uuid,uuid,NO,"",""
prescription_uploads,3,image_key,text,text,NO,"",""
prescription_uploads,4,consumed_at,timestamp with time zone,timestamptz,YES,"",""
prescription_uploads,5,created_at,timestamp with time zone,timestamptz,NO,now(),""
prescriptions,1,id,uuid,uuid,NO,gen_random_uuid(),""
prescriptions,2,pharmacy_id,uuid,uuid,NO,"",""
prescriptions,3,patient_name,text,text,NO,"",""
prescriptions,4,patient_phone,text,text,NO,"",""
prescriptions,5,image_key,text,text,NO,"",""
prescriptions,6,status,USER-DEFINED,prescription_status,NO,'pending'::prescription_status,""
prescriptions,7,approved_drug_ids,ARRAY,_uuid,YES,"",""
prescriptions,8,reject_reason,USER-DEFINED,prescription_reject_reason,YES,"",""
prescriptions,9,reject_note,text,text,YES,"",""
prescriptions,10,reviewed_at,timestamp with time zone,timestamptz,YES,"",""
prescriptions,11,order_id,uuid,uuid,YES,"",""
prescriptions,12,created_at,timestamp with time zone,timestamptz,NO,now(),""
prescriptions,13,updated_at,timestamp with time zone,timestamptz,NO,now(),""
refresh_tokens,1,id,uuid,uuid,NO,gen_random_uuid(),""
refresh_tokens,2,pharmacy_id,uuid,uuid,NO,"",""
refresh_tokens,3,token_hash,text,text,NO,"",""
refresh_tokens,4,expires_at,timestamp with time zone,timestamptz,NO,"",""
refresh_tokens,5,revoked_at,timestamp with time zone,timestamptz,YES,"",""
refresh_tokens,6,created_at,timestamp with time zone,timestamptz,NO,now(),""
refresh_tokens,7,session_version,integer,int4,NO,1,""
saved_api_request_history,1,id,uuid,uuid,NO,gen_random_uuid(),""
saved_api_request_history,2,request_id,uuid,uuid,NO,"",""
saved_api_request_history,3,actor_id,uuid,uuid,YES,"",""
saved_api_request_history,4,method,text,text,NO,"",""
saved_api_request_history,5,url,text,text,NO,"",""
saved_api_request_history,6,status,integer,int4,YES,"",""
saved_api_request_history,7,duration_ms,integer,int4,NO,"",""
saved_api_request_history,8,response_headers,jsonb,jsonb,NO,'{}'::jsonb,""
saved_api_request_history,9,response_body,text,text,YES,"",""
saved_api_request_history,10,error,text,text,YES,"",""
saved_api_request_history,11,created_at,timestamp with time zone,timestamptz,NO,now(),""
saved_api_requests,1,id,uuid,uuid,NO,gen_random_uuid(),""
saved_api_requests,2,name,text,text,NO,"",""
saved_api_requests,3,url,text,text,NO,"",""
saved_api_requests,4,method,text,text,NO,"",""
saved_api_requests,5,auth_type,text,text,NO,'none'::text,""
saved_api_requests,6,auth_config_encrypted,text,text,YES,"",""
saved_api_requests,7,params,jsonb,jsonb,NO,'[]'::jsonb,""
saved_api_requests,8,headers,jsonb,jsonb,NO,'[]'::jsonb,""
saved_api_requests,9,body,text,text,YES,"",""
saved_api_requests,10,created_by,uuid,uuid,YES,"",""
saved_api_requests,11,updated_by,uuid,uuid,YES,"",""
saved_api_requests,12,created_at,timestamp with time zone,timestamptz,NO,now(),""
saved_api_requests,13,updated_at,timestamp with time zone,timestamptz,NO,now(),""
saved_api_requests,14,params_encrypted,text,text,YES,"",""
saved_api_requests,15,headers_encrypted,text,text,YES,"",""
settlements,1,id,uuid,uuid,NO,gen_random_uuid(),""
settlements,2,pharmacy_id,uuid,uuid,NO,"",""
settlements,3,amount_leones,integer,int4,NO,"",""
settlements,4,period_start,timestamp with time zone,timestamptz,NO,"",""
settlements,5,period_end,timestamp with time zone,timestamptz,NO,"",""
settlements,6,order_count,integer,int4,NO,0,""
settlements,7,status,USER-DEFINED,settlement_status,NO,'pending'::settlement_status,""
settlements,8,paid_at,timestamp with time zone,timestamptz,YES,"",""
settlements,9,reference,text,text,YES,"",""
settlements,10,created_at,timestamp with time zone,timestamptz,NO,now(),""
settlements,11,updated_at,timestamp with time zone,timestamptz,NO,now(),""
team_members,1,id,uuid,uuid,NO,gen_random_uuid(),""
team_members,2,slug,text,text,NO,"",""
team_members,3,name,text,text,NO,"",""
team_members,4,role,text,text,NO,"",""
team_members,5,photo_path,text,text,YES,"",""
team_members,6,sort_order,integer,int4,NO,"",""
team_members,7,created_at,timestamp with time zone,timestamptz,NO,now(),""
team_members,8,updated_at,timestamp with time zone,timestamptz,NO,now(),""
team_photo_uploads,1,id,uuid,uuid,NO,gen_random_uuid(),""
team_photo_uploads,2,team_member_id,uuid,uuid,NO,"",""
team_photo_uploads,3,requested_by_hq_staff_id,uuid,uuid,NO,"",""
team_photo_uploads,4,object_path,text,text,NO,"",""
team_photo_uploads,5,content_type,text,text,NO,"",""
team_photo_uploads,6,file_size,integer,int4,NO,"",""
team_photo_uploads,7,expires_at,timestamp with time zone,timestamptz,NO,"",""
team_photo_uploads,8,consumed_at,timestamp with time zone,timestamptz,YES,"",""
team_photo_uploads,9,created_at,timestamp with time zone,timestamptz,NO,now(),""
